dhid;midx;midy;midz;length;from;to;geocod;cu
SM-001;10381;11143;4105.5;10;0;10;1;0
SM-001;10381;11143;4095.5;10;10;20;1;0
SM-001;10381;11143;4085.5;10;20;30;1;0
SM-001;10381;11143;4075.5;10;30;40;1;0
SM-001;10381;11143;4065.5;10;40;50;1;0
SM-001;10381;11143;4055.5;10;50;60;1;0
SM-001;10381;11143;4045.5;10;60;70;1;0
SM-001;10381;11143;4035.5;10;70;80;1;0
SM-001;10381;11143;4025.5;10;80;90;1;0
SM-001;10381;11143;4015.5;10;90;100;1;0
SM-001;10381;11143;4005.5;10;100;110;1;0
SM-001;10381;11143;3995.5;10;110;120;1;0
SM-001;10381;11143;3985.5;10;120;130;1;0
SM-001;10381;11143;3975.5;10;130;140;1;0.012
SM-001;10381;11143;3965.5;10;140;150;1;0.013
SM-001;10381;11143;3959.3;2.4;150;152.4;1;0
SM-002;10533.4;11143;4107.4;10;0;10;1;0
SM-002;10533.4;11143;4097.4;10;10;20;1;0
SM-002;10533.4;11143;4087.4;10;20;30;1;0
SM-002;10533.4;11143;4077.4;10;30;40;1;0
SM-002;10533.4;11143;4067.4;10;40;50;1;0.001
SM-002;10533.4;11143;4057.4;10;50;60;1;0.005
SM-002;10533.4;11143;4047.4;10;60;70;1;0
SM-002;10533.4;11143;4037.4;10;70;80;1;0
SM-002;10533.4;11143;4027.4;10;80;90;1;0.009
SM-002;10533.4;11143;4017.4;10;90;100;1;0.014
SM-002;10533.4;11143;4007.4;10;100;110;1;0.026
SM-002;10533.4;11143;3997.4;10;110;120;1;0.014
SM-002;10533.4;11143;3987.4;10;120;130;1;0.012
SM-002;10533.4;11143;3980.35;4.1;130;134.1;1;0.01
SM-003;10685.8;11143;4109.3;10;0;10;1;0
SM-003;10685.8;11143;4099.3;10;10;20;1;0
SM-003;10685.8;11143;4089.3;10;20;30;1;0
SM-003;10685.8;11143;4079.3;10;30;40;1;0.019
SM-003;10685.8;11143;4069.3;10;40;50;1;0.005
SM-003;10685.8;11143;4059.3;10;50;60;1;0
SM-003;10685.8;11143;4049.3;10;60;70;1;0.006
SM-003;10685.8;11143;4039.3;10;70;80;1;0.014
SM-003;10685.8;11143;4029.3;10;80;90;1;0.025
SM-003;10685.8;11143;4019.3;10;90;100;1;0.035
SM-003;10685.8;11143;4009.3;10;100;110;1;0.012
SM-003;10685.8;11143;3999.3;10;110;120;1;0.036
SM-003;10685.8;11143;3989.3;10;120;130;1;0.02
SM-003;10685.8;11143;3979.3;10;130;140;1;0.046
SM-003;10685.8;11143;3969.3;10;140;150;1;0.027
SM-003;10685.8;11143;3959.3;10;150;160;1;0.047
SM-003;10685.8;11143;3949.3;10;160;170;1;0.051
SM-003;10685.8;11143;3939.3;10;170;180;1;0.063
SM-003;10685.8;11143;3932.85;2.9;180;182.9;1;0.07
SM-004;10838.2;11143;4114;10;0;10;1;0
SM-004;10838.2;11143;4104;10;10;20;1;0
SM-004;10838.2;11143;4094;10;20;30;1;0
SM-004;10838.2;11143;4084;10;30;40;1;0.007
SM-004;10838.2;11143;4074;10;40;50;1;0.018
SM-004;10838.2;11143;4064;10;50;60;1;0
SM-004;10838.2;11143;4054;10;60;70;1;0.003
SM-004;10838.2;11143;4044;10;70;80;1;0.016
SM-004;10838.2;11143;4034;10;80;90;1;0.005
SM-004;10838.2;11143;4024;10;90;100;1;0.028
SM-004;10838.2;11143;4014;10;100;110;1;0.021
SM-004;10838.2;11143;4004;10;110;120;1;0.034
SM-004;10838.2;11143;3994;10;120;130;1;0.028
SM-004;10838.2;11143;3984;10;130;140;1;0.034
SM-004;10838.2;11143;3974;10;140;150;1;0.018
SM-004;10838.2;11143;3964.75;8.5;150;158.5;1;0.037
SM-005;10990.6;11143;4118.4;10;0;10;1;0
SM-005;10990.6;11143;4108.4;10;10;20;1;0
SM-005;10990.6;11143;4098.4;10;20;30;1;0
SM-005;10990.6;11143;4088.4;10;30;40;1;0
SM-005;10990.6;11143;4078.4;10;40;50;1;0
SM-005;10990.6;11143;4068.4;10;50;60;1;0
SM-005;10990.6;11143;4058.4;10;60;70;1;0.003
SM-005;10990.6;11143;4048.4;10;70;80;1;0.003
SM-005;10990.6;11143;4038.4;10;80;90;1;0
SM-005;10990.6;11143;4028.4;10;90;100;1;0
SM-005;10990.6;11143;4018.4;10;100;110;1;0
SM-005;10990.6;11143;4008.4;10;110;120;1;0
SM-005;10990.6;11143;3998.4;10;120;130;1;0.018
SM-005;10990.6;11143;3988.4;10;130;140;1;0.006
SM-005;10990.6;11143;3978.4;10;140;150;1;0.015
SM-005;10990.6;11143;3968.4;10;150;160;1;0.013
SM-005;10990.6;11143;3958.4;10;160;170;1;0.009
SM-005;10990.6;11143;3953.05;0.7;170;170.7;1;0
SM-006;11143;11143;4124.5;10;0;10;1;0
SM-006;11143;11143;4114.5;10;10;20;1;0
SM-006;11143;11143;4104.5;10;20;30;1;0
SM-006;11143;11143;4094.5;10;30;40;1;0
SM-006;11143;11143;4084.5;10;40;50;1;0
SM-006;11143;11143;4074.5;10;50;60;1;0
SM-006;11143;11143;4064.5;10;60;70;1;0
SM-006;11143;11143;4054.5;10;70;80;1;0
SM-006;11143;11143;4044.5;10;80;90;1;0
SM-006;11143;11143;4034.5;10;90;100;1;0
SM-006;11143;11143;4024.5;10;100;110;1;0
SM-006;11143;11143;4014.5;10;110;120;1;0
SM-006;11143;11143;4004.5;10;120;130;1;0.006
SM-006;11143;11143;3994.5;10;130;140;1;0
SM-006;11143;11143;3984.5;10;140;150;1;0
SM-006;11143;11143;3974.5;10;150;160;1;0
SM-006;11143;11143;3964.5;10;160;170;1;0
SM-006;11143;11143;3954.5;10;170;180;1;0.019
SM-006;11143;11143;3944.5;10;180;190;1;0.007
SM-006;11143;11143;3934.5;10;190;200;1;0.02
SM-006;11143;11143;3924.5;10;200;210;1;0.015
SM-006;11143;11143;3917.8;3.4;210;213.4;1;0.02
SM-007;10381;10990.6;4090.8;10;0;10;0;0
SM-007;10381;10990.6;4080.8;10;10;20;0;0
SM-007;10381;10990.6;4070.8;10;20;30;0;0
SM-007;10381;10990.6;4060.8;10;30;40;0;0
SM-007;10381;10990.6;4050.8;10;40;50;0;0.007
SM-007;10381;10990.6;4040.8;10;50;60;0;0.005
SM-007;10381;10990.6;4030.8;10;60;70;0;0.006
SM-007;10381;10990.6;4020.8;10;70;80;0;0.012
SM-007;10381;10990.6;4010.8;10;80;90;0;0.009
SM-007;10381;10990.6;4000.8;10;90;100;0;0.023
SM-007;10381;10990.6;3990.8;10;100;110;0;0.023
SM-007;10381;10990.6;3980.8;10;110;120;0;0.008
SM-007;10381;10990.6;3974.85;1.9;120;121.9;0;0.02
SM-007;10381;10990.6;3968.9;10;121.9;131.9;1;0.03
SM-007;10381;10990.6;3958.9;10;131.9;141.9;1;0.019
SM-007;10381;10990.6;3948.9;10;141.9;151.9;1;0.046
SM-007;10381;10990.6;3938.9;10;151.9;161.9;1;0.015
SM-007;10381;10990.6;3928.9;10;161.9;171.9;1;0.013
SM-007;10381;10990.6;3918.9;10;171.9;181.9;1;0.015
SM-007;10381;10990.6;3908.9;10;181.9;191.9;1;0.032
SM-007;10381;10990.6;3898.9;10;191.9;201.9;1;0.054
SM-007;10381;10990.6;3888.9;10;201.9;211.9;1;0.046
SM-007;10381;10990.6;3878.9;10;211.9;221.9;1;0.041
SM-007;10381;10990.6;3872.05;3.7;221.9;225.6;1;0.05
SM-008;10533.4;10990.6;4094.6;10;0;10;0;0
SM-008;10533.4;10990.6;4084.6;10;10;20;0;0
SM-008;10533.4;10990.6;4074.6;10;20;30;0;0.129
SM-008;10533.4;10990.6;4064.6;10;30;40;0;0.239
SM-008;10533.4;10990.6;4054.6;10;40;50;0;0.252
SM-008;10533.4;10990.6;4044.6;10;50;60;0;0.28
SM-008;10533.4;10990.6;4034.6;10;60;70;0;0.255
SM-008;10533.4;10990.6;4024.6;10;70;80;0;0.26
SM-008;10533.4;10990.6;4014.6;10;80;90;0;0.26
SM-008;10533.4;10990.6;4004.6;10;90;100;0;0.28
SM-008;10533.4;10990.6;3994.6;10;100;110;0;0.284
SM-008;10533.4;10990.6;3984.6;10;110;120;0;0.293
SM-008;10533.4;10990.6;3974.6;10;120;130;0;0.294
SM-008;10533.4;10990.6;3964.6;10;130;140;0;0.302
SM-008;10533.4;10990.6;3954.6;10;140;150;0;0.281
SM-008;10533.4;10990.6;3944.6;10;150;160;0;0.31
SM-008;10533.4;10990.6;3934.6;10;160;170;0;0.298
SM-008;10533.4;10990.6;3924.6;10;170;180;0;0.308
SM-008;10533.4;10990.6;3918.15;2.9;180;182.9;0;0.29
SM-008;10533.4;10990.6;3911.7;10;182.9;192.9;1;0.314
SM-008;10533.4;10990.6;3901.7;10;192.9;202.9;1;0.317
SM-008;10533.4;10990.6;3891.7;10;202.9;212.9;1;0.318
SM-008;10533.4;10990.6;3881.7;10;212.9;222.9;1;0.322
SM-008;10533.4;10990.6;3871.7;10;222.9;232.9;1;0.327
SM-008;10533.4;10990.6;3861.7;10;232.9;242.9;1;0.35
SM-008;10533.4;10990.6;3851.7;10;242.9;252.9;1;0.329
SM-008;10533.4;10990.6;3841.7;10;252.9;262.9;1;0.335
SM-008;10533.4;10990.6;3831.7;10;262.9;272.9;1;0.331
SM-008;10533.4;10990.6;3821.7;10;272.9;282.9;1;0.333
SM-008;10533.4;10990.6;3811.7;10;282.9;292.9;1;0.354
SM-008;10533.4;10990.6;3801.7;10;292.9;302.9;1;0.326
SM-008;10533.4;10990.6;3791.7;10;302.9;312.9;1;0.352
SM-008;10533.4;10990.6;3781.7;10;312.9;322.9;1;0.36
SM-008;10533.4;10990.6;3771.7;10;322.9;332.9;1;0.355
SM-008;10533.4;10990.6;3761.7;10;332.9;342.9;1;0.366
SM-008;10533.4;10990.6;3751.7;10;342.9;352.9;1;0.354
SM-008;10533.4;10990.6;3741.7;10;352.9;362.9;1;0.35
SM-008;10533.4;10990.6;3731.7;10;362.9;372.9;1;0.356
SM-008;10533.4;10990.6;3721.7;10;372.9;382.9;1;0.355
SM-008;10533.4;10990.6;3711.7;10;382.9;392.9;1;0.387
SM-008;10533.4;10990.6;3701.7;10;392.9;402.9;1;0.372
SM-008;10533.4;10990.6;3691.7;10;402.9;412.9;1;0.382
SM-008;10533.4;10990.6;3681.7;10;412.9;422.9;1;0.381
SM-008;10533.4;10990.6;3671.7;10;422.9;432.9;1;0.377
SM-008;10533.4;10990.6;3661.7;10;432.9;442.9;1;0.406
SM-008;10533.4;10990.6;3655.65;2.1;442.9;445;1;0.4
SM-009;10685.8;10990.6;4101.3;10;0;10;0;0
SM-009;10685.8;10990.6;4091.3;10;10;20;0;0
SM-009;10685.8;10990.6;4081.3;10;20;30;0;0.196
SM-009;10685.8;10990.6;4071.3;10;30;40;0;0.363
SM-009;10685.8;10990.6;4061.3;10;40;50;0;0.365
SM-009;10685.8;10990.6;4051.3;10;50;60;0;0.365
SM-009;10685.8;10990.6;4041.3;10;60;70;0;0.386
SM-009;10685.8;10990.6;4031.3;10;70;80;0;0.386
SM-009;10685.8;10990.6;4021.3;10;80;90;0;0.396
SM-009;10685.8;10990.6;4011.3;10;90;100;0;0.39
SM-009;10685.8;10990.6;4001.3;10;100;110;0;0.389
SM-009;10685.8;10990.6;3991.3;10;110;120;0;0.398
SM-009;10685.8;10990.6;3981.3;10;120;130;0;0.396
SM-009;10685.8;10990.6;3971.3;10;130;140;0;0.406
SM-009;10685.8;10990.6;3961.3;10;140;150;0;0.388
SM-009;10685.8;10990.6;3951.3;10;150;160;0;0.397
SM-009;10685.8;10990.6;3941.3;10;160;170;0;0.415
SM-009;10685.8;10990.6;3931.3;10;170;180;0;0.404
SM-009;10685.8;10990.6;3921.3;10;180;190;0;0.419
SM-009;10685.8;10990.6;3911.3;10;190;200;0;0.42
SM-009;10685.8;10990.6;3901.3;10;200;210;0;0.421
SM-009;10685.8;10990.6;3891.55;9.5;210;219.5;0;0.423
SM-009;10685.8;10990.6;3881.8;10;219.5;229.5;1;0.438
SM-009;10685.8;10990.6;3871.8;10;229.5;239.5;1;0.424
SM-009;10685.8;10990.6;3861.8;10;239.5;249.5;1;0.439
SM-009;10685.8;10990.6;3851.8;10;249.5;259.5;1;0.44
SM-009;10685.8;10990.6;3841.8;10;259.5;269.5;1;0.438
SM-009;10685.8;10990.6;3831.8;10;269.5;279.5;1;0.446
SM-009;10685.8;10990.6;3821.8;10;279.5;289.5;1;0.464
SM-009;10685.8;10990.6;3811.8;10;289.5;299.5;1;0.461
SM-009;10685.8;10990.6;3801.8;10;299.5;309.5;1;0.44
SM-009;10685.8;10990.6;3791.8;10;309.5;319.5;1;0.462
SM-009;10685.8;10990.6;3781.8;10;319.5;329.5;1;0.485
SM-009;10685.8;10990.6;3771.8;10;329.5;339.5;1;0.467
SM-009;10685.8;10990.6;3761.8;10;339.5;349.5;1;0.476
SM-009;10685.8;10990.6;3751.8;10;349.5;359.5;1;0.456
SM-009;10685.8;10990.6;3741.8;10;359.5;369.5;1;0.487
SM-009;10685.8;10990.6;3731.8;10;369.5;379.5;1;0.476
SM-009;10685.8;10990.6;3721.8;10;379.5;389.5;1;0.482
SM-009;10685.8;10990.6;3711.8;10;389.5;399.5;1;0.49
SM-009;10685.8;10990.6;3701.8;10;399.5;409.5;1;0.497
SM-009;10685.8;10990.6;3691.8;10;409.5;419.5;1;0.5
SM-009;10685.8;10990.6;3681.8;10;419.5;429.5;1;0.508
SM-009;10685.8;10990.6;3671.8;10;429.5;439.5;1;0.501
SM-009;10685.8;10990.6;3661.8;10;439.5;449.5;1;0.511
SM-009;10685.8;10990.6;3651.8;10;449.5;459.5;1;0.49
SM-009;10685.8;10990.6;3641.8;10;459.5;469.5;1;0.498
SM-009;10685.8;10990.6;3631.8;10;469.5;479.5;1;0.534
SM-009;10685.8;10990.6;3622.7;8.2;479.5;487.7;1;0.533
SM-010;10838.2;10990.6;4106.7;10;0;10;0;0
SM-010;10838.2;10990.6;4096.7;10;10;20;0;0
SM-010;10838.2;10990.6;4086.7;10;20;30;0;0.19
SM-010;10838.2;10990.6;4076.7;10;30;40;0;0.366
SM-010;10838.2;10990.6;4066.7;10;40;50;0;0.365
SM-010;10838.2;10990.6;4056.7;10;50;60;0;0.37
SM-010;10838.2;10990.6;4046.7;10;60;70;0;0.368
SM-010;10838.2;10990.6;4036.7;10;70;80;0;0.373
SM-010;10838.2;10990.6;4026.7;10;80;90;0;0.37
SM-010;10838.2;10990.6;4016.7;10;90;100;0;0.394
SM-010;10838.2;10990.6;4006.7;10;100;110;0;0.377
SM-010;10838.2;10990.6;3996.7;10;110;120;0;0.394
SM-010;10838.2;10990.6;3986.7;10;120;130;0;0.392
SM-010;10838.2;10990.6;3976.7;10;130;140;0;0.408
SM-010;10838.2;10990.6;3966.7;10;140;150;0;0.403
SM-010;10838.2;10990.6;3956.7;10;150;160;0;0.417
SM-010;10838.2;10990.6;3946.7;10;160;170;0;0.41
SM-010;10838.2;10990.6;3936.7;10;170;180;0;0.432
SM-010;10838.2;10990.6;3926.7;10;180;190;0;0.428
SM-010;10838.2;10990.6;3916.7;10;190;200;0;0.44
SM-010;10838.2;10990.6;3906.7;10;200;210;0;0.408
SM-010;10838.2;10990.6;3896.95;9.5;210;219.5;0;0.429
SM-010;10838.2;10990.6;3887.2;10;219.5;229.5;1;0.42
SM-010;10838.2;10990.6;3877.2;10;229.5;239.5;1;0.438
SM-010;10838.2;10990.6;3867.2;10;239.5;249.5;1;0.427
SM-010;10838.2;10990.6;3857.2;10;249.5;259.5;1;0.448
SM-010;10838.2;10990.6;3847.2;10;259.5;269.5;1;0.454
SM-010;10838.2;10990.6;3837.2;10;269.5;279.5;1;0.446
SM-010;10838.2;10990.6;3827.2;10;279.5;289.5;1;0.442
SM-010;10838.2;10990.6;3817.2;10;289.5;299.5;1;0.448
SM-010;10838.2;10990.6;3807.2;10;299.5;309.5;1;0.451
SM-010;10838.2;10990.6;3797.2;10;309.5;319.5;1;0.454
SM-010;10838.2;10990.6;3787.2;10;319.5;329.5;1;0.458
SM-010;10838.2;10990.6;3777.2;10;329.5;339.5;1;0.48
SM-010;10838.2;10990.6;3767.2;10;339.5;349.5;1;0.456
SM-010;10838.2;10990.6;3757.2;10;349.5;359.5;1;0.474
SM-010;10838.2;10990.6;3747.2;10;359.5;369.5;1;0.472
SM-010;10838.2;10990.6;3737.2;10;369.5;379.5;1;0.491
SM-010;10838.2;10990.6;3727.2;10;379.5;389.5;1;0.489
SM-010;10838.2;10990.6;3717.2;10;389.5;399.5;1;0.471
SM-010;10838.2;10990.6;3707.2;10;399.5;409.5;1;0.499
SM-010;10838.2;10990.6;3697.2;10;409.5;419.5;1;0.505
SM-010;10838.2;10990.6;3687.2;10;419.5;429.5;1;0.488
SM-010;10838.2;10990.6;3677.2;10;429.5;439.5;1;0.5
SM-010;10838.2;10990.6;3667.2;10;439.5;449.5;1;0.509
SM-010;10838.2;10990.6;3657.2;10;449.5;459.5;1;0.499
SM-010;10838.2;10990.6;3647.2;10;459.5;469.5;1;0.51
SM-010;10838.2;10990.6;3637.2;10;469.5;479.5;1;0.516
SM-010;10838.2;10990.6;3627.2;10;479.5;489.5;1;0.5
SM-010;10838.2;10990.6;3617.2;10;489.5;499.5;1;0.52
SM-010;10838.2;10990.6;3607.2;10;499.5;509.5;1;0.531
SM-010;10838.2;10990.6;3600.9;2.6;509.5;512.1;1;0.55
SM-011;10990.6;10990.6;4111.4;10;0;10;0;0
SM-011;10990.6;10990.6;4101.4;10;10;20;0;0
SM-011;10990.6;10990.6;4091.4;10;20;30;0;0.151
SM-011;10990.6;10990.6;4081.4;10;30;40;0;0.254
SM-011;10990.6;10990.6;4071.4;10;40;50;0;0.244
SM-011;10990.6;10990.6;4061.4;10;50;60;0;0.265
SM-011;10990.6;10990.6;4051.4;10;60;70;0;0.257
SM-011;10990.6;10990.6;4041.4;10;70;80;0;0.259
SM-011;10990.6;10990.6;4031.4;10;80;90;0;0.271
SM-011;10990.6;10990.6;4022.65;7.5;90;97.5;0;0.274
SM-011;10990.6;10990.6;4013.9;10;97.5;107.5;1;0.288
SM-011;10990.6;10990.6;4003.9;10;107.5;117.5;1;0.287
SM-011;10990.6;10990.6;3993.9;10;117.5;127.5;1;0.26
SM-011;10990.6;10990.6;3983.9;10;127.5;137.5;1;0.297
SM-011;10990.6;10990.6;3973.9;10;137.5;147.5;1;0.292
SM-011;10990.6;10990.6;3963.9;10;147.5;157.5;1;0.29
SM-011;10990.6;10990.6;3953.9;10;157.5;167.5;1;0.276
SM-011;10990.6;10990.6;3943.9;10;167.5;177.5;1;0.293
SM-011;10990.6;10990.6;3933.9;10;177.5;187.5;1;0.29
SM-011;10990.6;10990.6;3923.9;10;187.5;197.5;1;0.302
SM-011;10990.6;10990.6;3913.9;10;197.5;207.5;1;0.297
SM-011;10990.6;10990.6;3903.9;10;207.5;217.5;1;0.326
SM-011;10990.6;10990.6;3893.9;10;217.5;227.5;1;0.318
SM-011;10990.6;10990.6;3883.9;10;227.5;237.5;1;0.322
SM-011;10990.6;10990.6;3873.9;10;237.5;247.5;1;0.314
SM-011;10990.6;10990.6;3863.9;10;247.5;257.5;1;0.306
SM-011;10990.6;10990.6;3853.9;10;257.5;267.5;1;0.332
SM-011;10990.6;10990.6;3843.9;10;267.5;277.5;1;0.329
SM-011;10990.6;10990.6;3833.9;10;277.5;287.5;1;0.333
SM-011;10990.6;10990.6;3823.9;10;287.5;297.5;1;0.33
SM-011;10990.6;10990.6;3813.9;10;297.5;307.5;1;0.342
SM-011;10990.6;10990.6;3803.9;10;307.5;317.5;1;0.355
SM-011;10990.6;10990.6;3793.9;10;317.5;327.5;1;0.339
SM-011;10990.6;10990.6;3783.9;10;327.5;337.5;1;0.339
SM-011;10990.6;10990.6;3773.9;10;337.5;347.5;1;0.342
SM-011;10990.6;10990.6;3763.9;10;347.5;357.5;1;0.34
SM-011;10990.6;10990.6;3753.9;10;357.5;367.5;1;0.369
SM-011;10990.6;10990.6;3743.9;10;367.5;377.5;1;0.359
SM-011;10990.6;10990.6;3733.9;10;377.5;387.5;1;0.356
SM-011;10990.6;10990.6;3723.9;10;387.5;397.5;1;0.378
SM-011;10990.6;10990.6;3713.9;10;397.5;407.5;1;0.38
SM-011;10990.6;10990.6;3703.9;10;407.5;417.5;1;0.365
SM-011;10990.6;10990.6;3693.9;10;417.5;427.5;1;0.364
SM-011;10990.6;10990.6;3683.9;10;427.5;437.5;1;0.384
SM-011;10990.6;10990.6;3673.9;10;437.5;447.5;1;0.409
SM-011;10990.6;10990.6;3663.9;10;447.5;457.5;1;0.392
SM-011;10990.6;10990.6;3653.9;10;457.5;467.5;1;0.41
SM-011;10990.6;10990.6;3647.95;1.9;467.5;469.4;1;0.41
SM-012;11143;10990.6;4115.9;10;0;10;1;0
SM-012;11143;10990.6;4105.9;10;10;20;1;0
SM-012;11143;10990.6;4095.9;10;20;30;1;0
SM-012;11143;10990.6;4085.9;10;30;40;1;0
SM-012;11143;10990.6;4075.9;10;40;50;1;0
SM-012;11143;10990.6;4065.9;10;50;60;1;0
SM-012;11143;10990.6;4055.9;10;60;70;1;0
SM-012;11143;10990.6;4045.9;10;70;80;1;0.002
SM-012;11143;10990.6;4035.9;10;80;90;1;0.011
SM-012;11143;10990.6;4025.9;10;90;100;1;0.009
SM-012;11143;10990.6;4015.9;10;100;110;1;0.017
SM-012;11143;10990.6;4005.9;10;110;120;1;0.026
SM-012;11143;10990.6;3995.9;10;120;130;1;0.022
SM-012;11143;10990.6;3985.9;10;130;140;1;0.012
SM-012;11143;10990.6;3975.9;10;140;150;1;0.026
SM-012;11143;10990.6;3965.9;10;150;160;1;0.011
SM-012;11143;10990.6;3955.9;10;160;170;1;0.005
SM-012;11143;10990.6;3945.9;10;170;180;1;0.031
SM-012;11143;10990.6;3935.9;10;180;190;1;0.016
SM-012;11143;10990.6;3928.35;5.1;190;195.1;1;0.04
SM-013;10381;10838.2;4077.5;10;0;10;0;0
SM-013;10381;10838.2;4067.5;10;10;20;0;0
SM-013;10381;10838.2;4057.5;10;20;30;0;0.011
SM-013;10381;10838.2;4047.5;10;30;40;0;0.017
SM-013;10381;10838.2;4037.5;10;40;50;0;0.005
SM-013;10381;10838.2;4027.5;10;50;60;0;0.03
SM-013;10381;10838.2;4017.5;10;60;70;0;0.031
SM-013;10381;10838.2;4007.5;10;70;80;0;0.029
SM-013;10381;10838.2;3997.5;10;80;90;0;0.015
SM-013;10381;10838.2;3991.8;1.4;90;91.4;0;0.01
SM-013;10381;10838.2;3986.1;10;91.4;101.4;1;0.042
SM-013;10381;10838.2;3976.1;10;101.4;111.4;1;0.029
SM-013;10381;10838.2;3966.1;10;111.4;121.4;1;0.026
SM-013;10381;10838.2;3956.1;10;121.4;131.4;1;0.04
SM-013;10381;10838.2;3946.1;10;131.4;141.4;1;0.041
SM-013;10381;10838.2;3936.1;10;141.4;151.4;1;0.045
SM-013;10381;10838.2;3926.1;10;151.4;161.4;1;0.049
SM-013;10381;10838.2;3916.1;10;161.4;171.4;1;0.044
SM-013;10381;10838.2;3906.1;10;171.4;181.4;1;0.055
SM-013;10381;10838.2;3896.1;10;181.4;191.4;1;0.065
SM-013;10381;10838.2;3886.1;10;191.4;201.4;1;0.055
SM-013;10381;10838.2;3876.1;10;201.4;211.4;1;0.05
SM-013;10381;10838.2;3866.1;10;211.4;221.4;1;0.07
SM-013;10381;10838.2;3856.1;10;221.4;231.4;1;0.073
SM-013;10381;10838.2;3846.1;10;231.4;241.4;1;0.074
SM-013;10381;10838.2;3839.9;2.4;241.4;243.8;1;0.08
SM-014;10533.4;10838.2;4082.6;10;0;10;0;0
SM-014;10533.4;10838.2;4072.6;10;10;20;0;0
SM-014;10533.4;10838.2;4062.6;10;20;30;0;0.213
SM-014;10533.4;10838.2;4052.6;10;30;40;0;0.392
SM-014;10533.4;10838.2;4042.6;10;40;50;0;0.387
SM-014;10533.4;10838.2;4032.6;10;50;60;0;0.395
SM-014;10533.4;10838.2;4022.6;10;60;70;0;0.4
SM-014;10533.4;10838.2;4012.6;10;70;80;0;0.394
SM-014;10533.4;10838.2;4002.6;10;80;90;0;0.4
SM-014;10533.4;10838.2;3992.6;10;90;100;0;0.389
SM-014;10533.4;10838.2;3982.6;10;100;110;0;0.405
SM-014;10533.4;10838.2;3972.6;10;110;120;0;0.402
SM-014;10533.4;10838.2;3962.6;10;120;130;0;0.416
SM-014;10533.4;10838.2;3952.6;10;130;140;0;0.406
SM-014;10533.4;10838.2;3942.6;10;140;150;0;0.425
SM-014;10533.4;10838.2;3932.6;10;150;160;0;0.405
SM-014;10533.4;10838.2;3922.6;10;160;170;0;0.411
SM-014;10533.4;10838.2;3912.6;10;170;180;0;0.432
SM-014;10533.4;10838.2;3906.15;2.9;180;182.9;0;0.42
SM-014;10533.4;10838.2;3899.7;10;182.9;192.9;1;0.436
SM-014;10533.4;10838.2;3889.7;10;192.9;202.9;1;0.422
SM-014;10533.4;10838.2;3879.7;10;202.9;212.9;1;0.426
SM-014;10533.4;10838.2;3869.7;10;212.9;222.9;1;0.424
SM-014;10533.4;10838.2;3859.7;10;222.9;232.9;1;0.44
SM-014;10533.4;10838.2;3849.7;10;232.9;242.9;1;0.439
SM-014;10533.4;10838.2;3839.7;10;242.9;252.9;1;0.426
SM-014;10533.4;10838.2;3829.7;10;252.9;262.9;1;0.446
SM-014;10533.4;10838.2;3819.7;10;262.9;272.9;1;0.44
SM-014;10533.4;10838.2;3809.7;10;272.9;282.9;1;0.455
SM-014;10533.4;10838.2;3799.7;10;282.9;292.9;1;0.463
SM-014;10533.4;10838.2;3789.7;10;292.9;302.9;1;0.466
SM-014;10533.4;10838.2;3779.7;10;302.9;312.9;1;0.472
SM-014;10533.4;10838.2;3769.7;10;312.9;322.9;1;0.478
SM-014;10533.4;10838.2;3759.7;10;322.9;332.9;1;0.476
SM-014;10533.4;10838.2;3749.7;10;332.9;342.9;1;0.467
SM-014;10533.4;10838.2;3739.7;10;342.9;352.9;1;0.474
SM-014;10533.4;10838.2;3729.7;10;352.9;362.9;1;0.479
SM-014;10533.4;10838.2;3719.7;10;362.9;372.9;1;0.499
SM-014;10533.4;10838.2;3709.7;10;372.9;382.9;1;0.5
SM-014;10533.4;10838.2;3699.7;10;382.9;392.9;1;0.477
SM-014;10533.4;10838.2;3689.7;10;392.9;402.9;1;0.487
SM-014;10533.4;10838.2;3679.7;10;402.9;412.9;1;0.5
SM-014;10533.4;10838.2;3669.7;10;412.9;422.9;1;0.508
SM-014;10533.4;10838.2;3659.7;10;422.9;432.9;1;0.492
SM-014;10533.4;10838.2;3649.7;10;432.9;442.9;1;0.514
SM-014;10533.4;10838.2;3639.7;10;442.9;452.9;1;0.528
SM-014;10533.4;10838.2;3629.7;10;452.9;462.9;1;0.513
SM-014;10533.4;10838.2;3619.7;10;462.9;472.9;1;0.507
SM-014;10533.4;10838.2;3609.7;10;472.9;482.9;1;0.509
SM-014;10533.4;10838.2;3599.7;10;482.9;492.9;1;0.52
SM-014;10533.4;10838.2;3589.7;10;492.9;502.9;1;0.531
SM-014;10533.4;10838.2;3583.15;3.1;502.9;506;1;0.52
SM-015;10685.8;10838.2;4092.7;10;0;10;0;0
SM-015;10685.8;10838.2;4082.7;10;10;20;0;0
SM-015;10685.8;10838.2;4072.7;10;20;30;0;0.51
SM-015;10685.8;10838.2;4062.7;10;30;40;0;0.928
SM-015;10685.8;10838.2;4052.7;10;40;50;0;0.905
SM-015;10685.8;10838.2;4042.7;10;50;60;0;0.925
SM-015;10685.8;10838.2;4032.7;10;60;70;0;0.948
SM-015;10685.8;10838.2;4022.7;10;70;80;0;0.957
SM-015;10685.8;10838.2;4012.7;10;80;90;0;0.946
SM-015;10685.8;10838.2;4002.7;10;90;100;0;0.936
SM-015;10685.8;10838.2;3992.7;10;100;110;0;0.925
SM-015;10685.8;10838.2;3982.7;10;110;120;0;0.957
SM-015;10685.8;10838.2;3972.7;10;120;130;0;0.948
SM-015;10685.8;10838.2;3962.7;10;130;140;0;0.95
SM-015;10685.8;10838.2;3952.7;10;140;150;0;0.962
SM-015;10685.8;10838.2;3942.7;10;150;160;0;0.958
SM-015;10685.8;10838.2;3932.7;10;160;170;0;0.965
SM-015;10685.8;10838.2;3922.7;10;170;180;0;0.973
SM-015;10685.8;10838.2;3912.7;10;180;190;0;0.965
SM-015;10685.8;10838.2;3902.7;10;190;200;0;0.96
SM-015;10685.8;10838.2;3892.7;10;200;210;0;0.961
SM-015;10685.8;10838.2;3882.95;9.5;210;219.5;0;0.986
SM-015;10685.8;10838.2;3873.2;10;219.5;229.5;1;0.974
SM-015;10685.8;10838.2;3863.2;10;229.5;239.5;1;0.976
SM-015;10685.8;10838.2;3853.2;10;239.5;249.5;1;0.996
SM-015;10685.8;10838.2;3843.2;10;249.5;259.5;1;0.999
SM-015;10685.8;10838.2;3833.2;10;259.5;269.5;1;0.987
SM-015;10685.8;10838.2;3823.2;10;269.5;279.5;1;0.98
SM-015;10685.8;10838.2;3813.2;10;279.5;289.5;1;1.016
SM-015;10685.8;10838.2;3803.2;10;289.5;299.5;1;1.002
SM-015;10685.8;10838.2;3793.2;10;299.5;309.5;1;1.011
SM-015;10685.8;10838.2;3783.2;10;309.5;319.5;1;0.996
SM-015;10685.8;10838.2;3773.2;10;319.5;329.5;1;1.016
SM-015;10685.8;10838.2;3763.2;10;329.5;339.5;1;1.017
SM-015;10685.8;10838.2;3753.2;10;339.5;349.5;1;1.028
SM-015;10685.8;10838.2;3743.2;10;349.5;359.5;1;1.016
SM-015;10685.8;10838.2;3733.2;10;359.5;369.5;1;1.049
SM-015;10685.8;10838.2;3723.2;10;369.5;379.5;1;1.032
SM-015;10685.8;10838.2;3713.2;10;379.5;389.5;1;1.016
SM-015;10685.8;10838.2;3703.2;10;389.5;399.5;1;1.051
SM-015;10685.8;10838.2;3693.2;10;399.5;409.5;1;1.047
SM-015;10685.8;10838.2;3683.2;10;409.5;419.5;1;1.035
SM-015;10685.8;10838.2;3673.2;10;419.5;429.5;1;1.023
SM-015;10685.8;10838.2;3663.2;10;429.5;439.5;1;1.038
SM-015;10685.8;10838.2;3653.2;10;439.5;449.5;1;1.055
SM-015;10685.8;10838.2;3643.2;10;449.5;459.5;1;1.073
SM-015;10685.8;10838.2;3633.2;10;459.5;469.5;1;1.057
SM-015;10685.8;10838.2;3623.2;10;469.5;479.5;1;1.044
SM-015;10685.8;10838.2;3613.2;10;479.5;489.5;1;1.052
SM-015;10685.8;10838.2;3603.2;10;489.5;499.5;1;1.071
SM-015;10685.8;10838.2;3593.2;10;499.5;509.5;1;1.077
SM-015;10685.8;10838.2;3583.85;8.7;509.5;518.2;1;1.097
SM-016;10838.2;10838.2;4102;10;0;10;0;0
SM-016;10838.2;10838.2;4092;10;10;20;0;0
SM-016;10838.2;10838.2;4082;10;20;30;0;0.526
SM-016;10838.2;10838.2;4072;10;30;40;0;0.915
SM-016;10838.2;10838.2;4062;10;40;50;0;0.93
SM-016;10838.2;10838.2;4052;10;50;60;0;0.926
SM-016;10838.2;10838.2;4042;10;60;70;0;0.929
SM-016;10838.2;10838.2;4032;10;70;80;0;0.916
SM-016;10838.2;10838.2;4022;10;80;90;0;0.945
SM-016;10838.2;10838.2;4012;10;90;100;0;0.959
SM-016;10838.2;10838.2;4002;10;100;110;0;0.948
SM-016;10838.2;10838.2;3992;10;110;120;0;0.962
SM-016;10838.2;10838.2;3982;10;120;130;0;0.96
SM-016;10838.2;10838.2;3972;10;130;140;0;0.94
SM-016;10838.2;10838.2;3962;10;140;150;0;0.964
SM-016;10838.2;10838.2;3952;10;150;160;0;0.958
SM-016;10838.2;10838.2;3942;10;160;170;0;0.94
SM-016;10838.2;10838.2;3932;10;170;180;0;0.965
SM-016;10838.2;10838.2;3922;10;180;190;0;0.966
SM-016;10838.2;10838.2;3912;10;190;200;0;0.955
SM-016;10838.2;10838.2;3906.4;1.2;200;201.2;0;0.95
SM-016;10838.2;10838.2;3900.8;10;201.2;211.2;1;0.972
SM-016;10838.2;10838.2;3890.8;10;211.2;221.2;1;0.952
SM-016;10838.2;10838.2;3880.8;10;221.2;231.2;1;0.972
SM-016;10838.2;10838.2;3870.8;10;231.2;241.2;1;0.996
SM-016;10838.2;10838.2;3860.8;10;241.2;251.2;1;0.979
SM-016;10838.2;10838.2;3850.8;10;251.2;261.2;1;1.005
SM-016;10838.2;10838.2;3840.8;10;261.2;271.2;1;1.004
SM-016;10838.2;10838.2;3830.8;10;271.2;281.2;1;1.01
SM-016;10838.2;10838.2;3820.8;10;281.2;291.2;1;1.005
SM-016;10838.2;10838.2;3810.8;10;291.2;301.2;1;0.985
SM-016;10838.2;10838.2;3800.8;10;301.2;311.2;1;0.985
SM-016;10838.2;10838.2;3790.8;10;311.2;321.2;1;1.013
SM-016;10838.2;10838.2;3780.8;10;321.2;331.2;1;1.002
SM-016;10838.2;10838.2;3770.8;10;331.2;341.2;1;1.02
SM-016;10838.2;10838.2;3760.8;10;341.2;351.2;1;1.001
SM-016;10838.2;10838.2;3750.8;10;351.2;361.2;1;1.021
SM-016;10838.2;10838.2;3740.8;10;361.2;371.2;1;1.02
SM-016;10838.2;10838.2;3730.8;10;371.2;381.2;1;1.033
SM-016;10838.2;10838.2;3720.8;10;381.2;391.2;1;1.026
SM-016;10838.2;10838.2;3710.8;10;391.2;401.2;1;1.025
SM-016;10838.2;10838.2;3700.8;10;401.2;411.2;1;1.057
SM-016;10838.2;10838.2;3690.8;10;411.2;421.2;1;1.066
SM-016;10838.2;10838.2;3680.8;10;421.2;431.2;1;1.055
SM-016;10838.2;10838.2;3670.8;10;431.2;441.2;1;1.034
SM-016;10838.2;10838.2;3660.8;10;441.2;451.2;1;1.054
SM-016;10838.2;10838.2;3650.8;10;451.2;461.2;1;1.042
SM-016;10838.2;10838.2;3640.8;10;461.2;471.2;1;1.048
SM-016;10838.2;10838.2;3630.8;10;471.2;481.2;1;1.049
SM-016;10838.2;10838.2;3620.8;10;481.2;491.2;1;1.075
SM-016;10838.2;10838.2;3610.8;10;491.2;501.2;1;1.052
SM-016;10838.2;10838.2;3600.8;10;501.2;511.2;1;1.07
SM-016;10838.2;10838.2;3590.8;10;511.2;521.2;1;1.079
SM-016;10838.2;10838.2;3581.2;9.2;521.2;530.4;1;1.1
SM-017;10990.6;10838.2;4108.2;10;0;10;0;0
SM-017;10990.6;10838.2;4098.2;10;10;20;0;0
SM-017;10990.6;10838.2;4088.2;10;20;30;0;0.207
SM-017;10990.6;10838.2;4078.2;10;30;40;0;0.363
SM-017;10990.6;10838.2;4068.2;10;40;50;0;0.371
SM-017;10990.6;10838.2;4058.2;10;50;60;0;0.38
SM-017;10990.6;10838.2;4048.2;10;60;70;0;0.393
SM-017;10990.6;10838.2;4038.2;10;70;80;0;0.4
SM-017;10990.6;10838.2;4028.2;10;80;90;0;0.386
SM-017;10990.6;10838.2;4018.2;10;90;100;0;0.393
SM-017;10990.6;10838.2;4008.2;10;100;110;0;0.384
SM-017;10990.6;10838.2;3998.2;10;110;120;0;0.41
SM-017;10990.6;10838.2;3988.2;10;120;130;0;0.382
SM-017;10990.6;10838.2;3981.15;4.1;130;134.1;0;0.39
SM-017;10990.6;10838.2;3974.1;10;134.1;144.1;1;0.404
SM-017;10990.6;10838.2;3964.1;10;144.1;154.1;1;0.404
SM-017;10990.6;10838.2;3954.1;10;154.1;164.1;1;0.404
SM-017;10990.6;10838.2;3944.1;10;164.1;174.1;1;0.422
SM-017;10990.6;10838.2;3934.1;10;174.1;184.1;1;0.417
SM-017;10990.6;10838.2;3924.1;10;184.1;194.1;1;0.42
SM-017;10990.6;10838.2;3914.1;10;194.1;204.1;1;0.435
SM-017;10990.6;10838.2;3904.1;10;204.1;214.1;1;0.418
SM-017;10990.6;10838.2;3894.1;10;214.1;224.1;1;0.435
SM-017;10990.6;10838.2;3884.1;10;224.1;234.1;1;0.414
SM-017;10990.6;10838.2;3874.1;10;234.1;244.1;1;0.429
SM-017;10990.6;10838.2;3864.1;10;244.1;254.1;1;0.44
SM-017;10990.6;10838.2;3854.1;10;254.1;264.1;1;0.434
SM-017;10990.6;10838.2;3844.1;10;264.1;274.1;1;0.464
SM-017;10990.6;10838.2;3834.1;10;274.1;284.1;1;0.453
SM-017;10990.6;10838.2;3824.1;10;284.1;294.1;1;0.46
SM-017;10990.6;10838.2;3814.1;10;294.1;304.1;1;0.45
SM-017;10990.6;10838.2;3804.1;10;304.1;314.1;1;0.45
SM-017;10990.6;10838.2;3794.1;10;314.1;324.1;1;0.453
SM-017;10990.6;10838.2;3784.1;10;324.1;334.1;1;0.48
SM-017;10990.6;10838.2;3774.1;10;334.1;344.1;1;0.458
SM-017;10990.6;10838.2;3764.1;10;344.1;354.1;1;0.464
SM-017;10990.6;10838.2;3754.1;10;354.1;364.1;1;0.46
SM-017;10990.6;10838.2;3744.1;10;364.1;374.1;1;0.487
SM-017;10990.6;10838.2;3734.1;10;374.1;384.1;1;0.476
SM-017;10990.6;10838.2;3724.1;10;384.1;394.1;1;0.472
SM-017;10990.6;10838.2;3714.1;10;394.1;404.1;1;0.49
SM-017;10990.6;10838.2;3704.1;10;404.1;414.1;1;0.501
SM-017;10990.6;10838.2;3694.1;10;414.1;424.1;1;0.486
SM-017;10990.6;10838.2;3684.1;10;424.1;434.1;1;0.506
SM-017;10990.6;10838.2;3674.1;10;434.1;444.1;1;0.501
SM-017;10990.6;10838.2;3664.1;10;444.1;454.1;1;0.514
SM-017;10990.6;10838.2;3654.1;10;454.1;464.1;1;0.495
SM-017;10990.6;10838.2;3644.1;10;464.1;474.1;1;0.51
SM-017;10990.6;10838.2;3634.1;10;474.1;484.1;1;0.508
SM-017;10990.6;10838.2;3624.1;10;484.1;494.1;1;0.518
SM-017;10990.6;10838.2;3614.1;10;494.1;504.1;1;0.508
SM-017;10990.6;10838.2;3605.1;8;504.1;512.1;1;0.512
SM-018;11143;10838.2;4110.6;10;0;10;1;0
SM-018;11143;10838.2;4100.6;10;10;20;1;0
SM-018;11143;10838.2;4090.6;10;20;30;1;0
SM-018;11143;10838.2;4080.6;10;30;40;1;0.003
SM-018;11143;10838.2;4070.6;10;40;50;1;0.011
SM-018;11143;10838.2;4060.6;10;50;60;1;0.02
SM-018;11143;10838.2;4050.6;10;60;70;1;0.002
SM-018;11143;10838.2;4040.6;10;70;80;1;0.002
SM-018;11143;10838.2;4030.6;10;80;90;1;0.03
SM-018;11143;10838.2;4020.6;10;90;100;1;0.012
SM-018;11143;10838.2;4010.6;10;100;110;1;0.035
SM-018;11143;10838.2;4000.6;10;110;120;1;0.018
SM-018;11143;10838.2;3990.6;10;120;130;1;0.02
SM-018;11143;10838.2;3980.6;10;130;140;1;0.04
SM-018;11143;10838.2;3970.6;10;140;150;1;0.05
SM-018;11143;10838.2;3960.6;10;150;160;1;0.03
SM-018;11143;10838.2;3950.6;10;160;170;1;0.056
SM-018;11143;10838.2;3940.6;10;170;180;1;0.07
SM-018;11143;10838.2;3930.6;10;180;190;1;0.056
SM-018;11143;10838.2;3920.6;10;190;200;1;0.045
SM-018;11143;10838.2;3910.6;10;200;210;1;0.052
SM-018;11143;10838.2;3900.6;10;210;220;1;0.048
SM-018;11143;10838.2;3890.6;10;220;230;1;0.071
SM-018;11143;10838.2;3880.6;10;230;240;1;0.06
SM-018;11143;10838.2;3870.65;9.9;240;249.9;1;0.066
SM-019;10381.868;10685.8;4062.076;10;0;10;0;0
SM-019;10383.605;10685.8;4052.228;10;10;20;0;0
SM-019;10385.341;10685.8;4042.38;10;20;30;0;0.011
SM-019;10387.078;10685.8;4032.532;10;30;40;0;0.004
SM-019;10388.814;10685.8;4022.684;10;40;50;0;0.009
SM-019;10390.551;10685.8;4012.836;10;50;60;0;0.04
SM-019;10392.287;10685.8;4002.987;10;60;70;0;0.033
SM-019;10394.024;10685.8;3993.139;10;70;80;0;0.034
SM-019;10395.76;10685.8;3983.291;10;80;90;0;0.044
SM-019;10396.75;10685.8;3977.678;1.4;90;91.4;0;0.06
SM-019;10397.74;10685.8;3972.065;10;91.4;101.4;1;0.048
SM-019;10399.476;10685.8;3962.217;10;101.4;111.4;1;0.055
SM-019;10401.213;10685.8;3952.368;10;111.4;121.4;1;0.053
SM-019;10402.949;10685.8;3942.52;10;121.4;131.4;1;0.047
SM-019;10404.686;10685.8;3932.672;10;131.4;141.4;1;0.216
SM-019;10406.422;10685.8;3922.824;10;141.4;151.4;1;0.275
SM-019;10408.159;10685.8;3912.976;10;151.4;161.4;1;0.272
SM-019;10409.895;10685.8;3903.128;10;161.4;171.4;1;0.285
SM-019;10411.632;10685.8;3893.28;10;171.4;181.4;1;0.269
SM-019;10413.368;10685.8;3883.432;10;181.4;191.4;1;0.286
SM-019;10415.104;10685.8;3873.584;10;191.4;201.4;1;0.293
SM-019;10416.841;10685.8;3863.736;10;201.4;211.4;1;0.31
SM-019;10418.577;10685.8;3853.888;10;211.4;221.4;1;0.32
SM-019;10420.314;10685.8;3844.04;10;221.4;231.4;1;0.312
SM-019;10422.05;10685.8;3834.192;10;231.4;241.4;1;0.324
SM-019;10423.787;10685.8;3824.343;10;241.4;251.4;1;0.316
SM-019;10425.523;10685.8;3814.495;10;251.4;261.4;1;0.331
SM-019;10427.26;10685.8;3804.647;10;261.4;271.4;1;0.334
SM-019;10428.996;10685.8;3794.799;10;271.4;281.4;1;0.333
SM-019;10430.733;10685.8;3784.951;10;281.4;291.4;1;0.34
SM-019;10432.469;10685.8;3775.103;10;291.4;301.4;1;0.345
SM-019;10434.206;10685.8;3765.255;10;301.4;311.4;1;0.338
SM-019;10435.942;10685.8;3755.407;10;311.4;321.4;1;0.37
SM-019;10437.679;10685.8;3745.559;10;321.4;331.4;1;0.351
SM-019;10438.886;10685.8;3738.714;3.9;331.4;335.3;1;0.34
SM-020;10534.777;10685.752;4073.594;10;0;10;0;0
SM-020;10537.532;10685.656;4063.981;10;10;20;0;0
SM-020;10540.287;10685.56;4054.368;10;20;30;0;0.224
SM-020;10543.041;10685.463;4044.756;10;30;40;0;0.399
SM-020;10545.796;10685.367;4035.143;10;40;50;0;0.398
SM-020;10548.551;10685.271;4025.531;10;50;60;0;0.425
SM-020;10551.306;10685.175;4015.918;10;60;70;0;0.411
SM-020;10554.06;10685.079;4006.305;10;70;80;0;0.426
SM-020;10556.815;10684.982;3996.693;10;80;90;0;0.455
SM-020;10559.57;10684.886;3987.08;10;90;100;0;0.446
SM-020;10562.324;10684.79;3977.468;10;100;110;0;0.444
SM-020;10565.079;10684.694;3967.855;10;110;120;0;0.484
SM-020;10567.834;10684.598;3958.242;10;120;130;0;0.47
SM-020;10570.588;10684.501;3948.63;10;130;140;0;0.492
SM-020;10573.343;10684.405;3939.017;10;140;150;0;0.499
SM-020;10576.054;10684.334;3929.392;10;150;160;0;0.494
SM-020;10578.643;10684.334;3919.733;10;160;170;0;0.53
SM-020;10581.231;10684.334;3910.074;10;170;180;0;0.514
SM-020;10583.172;10684.334;3902.829;5;180;185;0;0.521
SM-020;10585.113;10684.334;3895.585;10;185;195;1;0.556
SM-020;10587.701;10684.334;3885.926;10;195;205;1;0.556
SM-020;10590.29;10684.334;3876.266;10;205;215;1;0.552
SM-020;10592.878;10684.334;3866.607;10;215;225;1;0.555
SM-020;10595.466;10684.334;3856.948;10;225;235;1;0.583
SM-020;10598.054;10684.334;3847.289;10;235;245;1;0.59
SM-020;10600.642;10684.334;3837.629;10;245;255;1;0.595
SM-020;10603.23;10684.334;3827.97;10;255;265;1;0.61
SM-020;10605.819;10684.334;3818.311;10;265;275;1;0.639
SM-020;10608.407;10684.334;3808.652;10;275;285;1;0.629
SM-020;10610.995;10684.334;3798.992;10;285;295;1;0.634
SM-020;10613.583;10684.334;3789.333;10;295;305;1;0.641
SM-020;10615.995;10684.354;3779.63;10;305;315;1;0.682
SM-020;10618.244;10684.394;3769.886;10;315;325;1;0.679
SM-020;10620.493;10684.433;3760.142;10;325;335;1;0.703
SM-020;10622.743;10684.472;3750.399;10;335;345;1;0.701
SM-020;10624.992;10684.511;3740.655;10;345;355;1;0.736
SM-020;10627.241;10684.551;3730.911;10;355;365;1;0.739
SM-020;10629.49;10684.59;3721.168;10;365;375;1;0.752
SM-020;10631.739;10684.629;3711.424;10;375;385;1;0.773
SM-020;10633.988;10684.668;3701.68;10;385;395;1;0.785
SM-020;10636.238;10684.708;3691.937;10;395;405;1;0.782
SM-020;10638.487;10684.747;3682.193;10;405;415;1;0.818
SM-020;10640.736;10684.786;3672.449;10;415;425;1;0.818
SM-020;10642.985;10684.825;3662.705;10;425;435;1;0.832
SM-020;10645.234;10684.865;3652.962;10;435;445;1;0.836
SM-020;10647.483;10684.904;3643.218;10;445;455;1;0.89
SM-020;10649.733;10684.943;3633.474;10;455;465;1;0.88
SM-020;10651.982;10684.983;3623.731;10;465;475;1;0.911
SM-020;10654.231;10685.022;3613.987;10;475;485;1;0.904
SM-020;10656.48;10685.061;3604.243;10;485;495;1;0.92
SM-020;10658.729;10685.1;3594.5;10;495;505;1;0.945
SM-020;10659.966;10685.122;3589.141;1;505;506;1;0.95
SM-021;10687.262;10685.8;4084.818;10;0;10;0;0
SM-021;10690.186;10685.8;4075.255;10;10;20;0;0
SM-021;10693.109;10685.8;4065.692;10;20;30;0;0.549
SM-021;10696.033;10685.8;4056.129;10;30;40;0;0.996
SM-021;10698.957;10685.8;4046.566;10;40;50;0;1.008
SM-021;10701.88;10685.8;4037.003;10;50;60;0;1.035
SM-021;10704.804;10685.8;4027.44;10;60;70;0;1.054
SM-021;10707.728;10685.8;4017.877;10;70;80;0;1.085
SM-021;10710.652;10685.8;4008.314;10;80;90;0;1.1
SM-021;10713.575;10685.8;3998.751;10;90;100;0;1.12
SM-021;10716.499;10685.8;3989.188;10;100;110;0;1.143
SM-021;10719.423;10685.8;3979.625;10;110;120;0;1.177
SM-021;10722.346;10685.8;3970.062;10;120;130;0;1.192
SM-021;10725.27;10685.8;3960.499;10;130;140;0;1.225
SM-021;10728.194;10685.8;3950.936;10;140;150;0;1.243
SM-021;10730.986;10685.778;3941.336;10;150;160;0;1.282
SM-021;10733.404;10685.694;3931.633;10;160;170;0;1.279
SM-021;10735.822;10685.609;3921.93;10;170;180;0;1.292
SM-021;10738.118;10685.529;3912.713;9;180;189;0;1.32
SM-021;10740.415;10685.449;3903.495;10;189;199;1;1.354
SM-021;10742.833;10685.364;3893.792;10;199;209;1;1.354
SM-021;10745.251;10685.28;3884.089;10;209;219;1;1.371
SM-021;10747.669;10685.195;3874.386;10;219;229;1;1.375
SM-021;10750.086;10685.111;3864.683;10;229;239;1;1.378
SM-021;10752.504;10685.027;3854.98;10;239;249;1;1.386
SM-021;10754.922;10684.942;3845.277;10;249;259;1;1.397
SM-021;10757.339;10684.858;3835.574;10;259;269;1;1.415
SM-021;10759.757;10684.773;3825.871;10;269;279;1;1.395
SM-021;10762.175;10684.689;3816.168;10;279;289;1;1.416
SM-021;10764.593;10684.604;3806.465;10;289;299;1;1.4
SM-021;10767.01;10684.52;3796.762;10;299;309;1;1.393
SM-021;10768.958;10684.575;3786.955;10;309;319;1;1.39
SM-021;10770.865;10684.641;3777.139;10;319;329;1;1.364
SM-021;10772.772;10684.708;3767.323;10;329;339;1;1.368
SM-021;10774.679;10684.774;3757.506;10;339;349;1;1.361
SM-021;10776.586;10684.841;3747.69;10;349;359;1;1.335
SM-021;10778.493;10684.908;3737.874;10;359;369;1;1.324
SM-021;10780.4;10684.974;3728.057;10;369;379;1;1.335
SM-021;10782.307;10685.041;3718.241;10;379;389;1;1.31
SM-021;10784.214;10685.107;3708.425;10;389;399;1;1.3
SM-021;10786.121;10685.174;3698.609;10;399;409;1;1.291
SM-021;10788.028;10685.24;3688.792;10;409;419;1;1.246
SM-021;10789.934;10685.307;3678.976;10;419;429;1;1.219
SM-021;10791.841;10685.374;3669.16;10;429;439;1;1.228
SM-021;10793.748;10685.44;3659.344;10;439;449;1;1.204
SM-021;10795.655;10685.507;3649.527;10;449;459;1;1.176
SM-021;10798.025;10685.559;3639.818;10;459;469;1;1.184
SM-021;10800.613;10685.604;3630.159;10;469;479;1;1.156
SM-021;10803.201;10685.649;3620.499;10;479;489;1;1.144
SM-021;10805.789;10685.694;3610.84;10;489;499;1;1.095
SM-021;10808.376;10685.74;3601.181;10;499;509;1;1.12
SM-021;10810.964;10685.785;3591.522;10;509;519;1;1.09
SM-021;10812.944;10685.819;3584.132;5.3;519;524.3;1;1.09
SM-022;10839.238;10685.746;4096.109;10;0;10;0;0
SM-022;10841.314;10685.637;4086.328;10;10;20;0;0
SM-022;10843.391;10685.528;4076.546;10;20;30;0;0.476
SM-022;10845.467;10685.419;4066.765;10;30;40;0;0.859
SM-022;10847.543;10685.31;4056.983;10;40;50;0;0.856
SM-022;10849.619;10685.202;4047.202;10;50;60;0;0.83
SM-022;10851.696;10685.093;4037.42;10;60;70;0;0.836
SM-022;10853.772;10684.984;4027.639;10;70;80;0;0.842
SM-022;10855.848;10684.875;4017.857;10;80;90;0;0.835
SM-022;10857.925;10684.766;4008.076;10;90;100;0;0.804
SM-022;10860.001;10684.657;3998.295;10;100;110;0;0.801
SM-022;10862.077;10684.549;3988.513;10;110;120;0;0.802
SM-022;10864.153;10684.44;3978.732;10;120;130;0;0.792
SM-022;10866.23;10684.331;3968.95;10;130;140;0;0.782
SM-022;10868.306;10684.222;3959.169;10;140;150;0;0.763
SM-022;10870.515;10684.13;3949.419;10;150;160;0;0.768
SM-022;10873.103;10684.085;3939.76;10;160;170;0;0.761
SM-022;10875.691;10684.04;3930.1;10;170;180;0;0.739
SM-022;10878.149;10683.997;3920.924;9;180;189;0;0.723
SM-022;10880.608;10683.954;3911.748;10;189;199;1;0.74
SM-022;10883.195;10683.909;3902.089;10;199;209;1;0.726
SM-022;10885.783;10683.863;3892.429;10;209;219;1;0.724
SM-022;10888.371;10683.818;3882.77;10;219;229;1;0.72
SM-022;10890.959;10683.773;3873.111;10;229;239;1;0.702
SM-022;10893.547;10683.728;3863.451;10;239;249;1;0.699
SM-022;10896.134;10683.683;3853.792;10;249;259;1;0.704
SM-022;10898.722;10683.638;3844.133;10;259;269;1;0.698
SM-022;10901.31;10683.592;3834.474;10;269;279;1;0.684
SM-022;10903.898;10683.547;3824.814;10;279;289;1;0.68
SM-022;10906.486;10683.502;3815.155;10;289;299;1;0.67
SM-022;10909.073;10683.457;3805.496;10;299;309;1;0.67
SM-022;10911.815;10683.542;3795.88;10;309;319;1;0.682
SM-022;10914.569;10683.638;3786.267;10;319;329;1;0.676
SM-022;10917.324;10683.734;3776.654;10;329;339;1;0.671
SM-022;10920.079;10683.83;3767.042;10;339;349;1;0.66
SM-022;10922.833;10683.927;3757.429;10;349;359;1;0.661
SM-022;10925.588;10684.023;3747.817;10;359;369;1;0.655
SM-022;10928.343;10684.119;3738.204;10;369;379;1;0.648
SM-022;10931.098;10684.215;3728.591;10;379;389;1;0.655
SM-022;10933.852;10684.311;3718.979;10;389;399;1;0.622
SM-022;10936.607;10684.408;3709.366;10;399;409;1;0.627
SM-022;10939.362;10684.504;3699.753;10;409;419;1;0.636
SM-022;10942.116;10684.6;3690.141;10;419;429;1;0.645
SM-022;10944.871;10684.696;3680.528;10;429;439;1;0.628
SM-022;10947.626;10684.792;3670.916;10;439;449;1;0.63
SM-022;10950.38;10684.889;3661.303;10;449;459;1;0.614
SM-022;10953.135;10684.985;3651.69;10;459;469;1;0.616
SM-022;10955.89;10685.081;3642.078;10;469;479;1;0.61
SM-022;10958.644;10685.177;3632.465;10;479;489;1;0.614
SM-022;10961.399;10685.273;3622.852;10;489;499;1;0.63
SM-022;10964.154;10685.37;3613.24;10;499;509;1;0.611
SM-022;10965.958;10685.433;3606.944;3.1;509;512.1;1;0.61
SM-023;10991.465;10685.876;4103.276;10;0;10;0;0
SM-023;10993.195;10686.027;4093.428;10;10;20;0;0
SM-023;10994.925;10686.178;4083.58;10;20;30;0;0.202
SM-023;10996.655;10686.33;4073.732;10;30;40;0;0.367
SM-023;10998.384;10686.481;4063.884;10;40;50;0;0.364
SM-023;11000.114;10686.632;4054.036;10;50;60;0;0.355
SM-023;11001.844;10686.784;4044.187;10;60;70;0;0.351
SM-023;11003.574;10686.935;4034.339;10;70;80;0;0.362
SM-023;11005.304;10687.086;4024.491;10;80;90;0;0.364
SM-023;11007.034;10687.238;4014.643;10;90;100;0;0.375
SM-023;11008.764;10687.389;4004.795;10;100;110;0;0.36
SM-023;11010.13;10687.509;3997.015;5.8;110;115.8;0;0.37
SM-023;11011.497;10687.628;3989.235;10;115.8;125.8;1;0.356
SM-023;11013.227;10687.78;3979.387;10;125.8;135.8;1;0.362
SM-023;11014.957;10687.931;3969.539;10;135.8;145.8;1;0.369
SM-023;11016.686;10688.082;3959.691;10;145.8;155.8;1;0.366
SM-023;11018.416;10688.234;3949.843;10;155.8;165.8;1;0.375
SM-023;11020.146;10688.385;3939.995;10;165.8;175.8;1;0.37
SM-023;11021.876;10688.536;3930.147;10;175.8;185.8;1;0.375
SM-023;11023.606;10688.688;3920.299;10;185.8;195.8;1;0.383
SM-023;11025.336;10688.839;3910.451;10;195.8;205.8;1;0.379
SM-023;11027.066;10688.99;3900.603;10;205.8;215.8;1;0.383
SM-023;11028.796;10689.142;3890.755;10;215.8;225.8;1;0.372
SM-023;11030.525;10689.293;3880.907;10;225.8;235.8;1;0.373
SM-023;11032.255;10689.444;3871.058;10;235.8;245.8;1;0.386
SM-023;11033.985;10689.596;3861.21;10;245.8;255.8;1;0.37
SM-023;11035.715;10689.747;3851.362;10;255.8;265.8;1;0.372
SM-023;11037.445;10689.898;3841.514;10;265.8;275.8;1;0.38
SM-023;11039.175;10690.05;3831.666;10;275.8;285.8;1;0.365
SM-023;11040.905;10690.201;3821.818;10;285.8;295.8;1;0.379
SM-023;11042.635;10690.352;3811.97;10;295.8;305.8;1;0.391
SM-023;11044.364;10690.504;3802.122;10;305.8;315.8;1;0.39
SM-023;11046.094;10690.655;3792.274;10;315.8;325.8;1;0.38
SM-023;11047.824;10690.806;3782.426;10;325.8;335.8;1;0.37
SM-023;11049.554;10690.958;3772.578;10;335.8;345.8;1;0.36
SM-023;11051.284;10691.109;3762.73;10;345.8;355.8;1;0.395
SM-023;11053.014;10691.261;3752.882;10;355.8;365.8;1;0.41
SM-023;11054.744;10691.412;3743.033;10;365.8;375.8;1;0.406
SM-023;11056.474;10691.563;3733.185;10;375.8;385.8;1;0.377
SM-023;11058.203;10691.715;3723.337;10;385.8;395.8;1;0.387
SM-023;11059.933;10691.866;3713.489;10;395.8;405.8;1;0.383
SM-023;11061.663;10692.017;3703.641;10;405.8;415.8;1;0.387
SM-023;11063.393;10692.169;3693.793;10;415.8;425.8;1;0.4
SM-023;11065.123;10692.32;3683.945;10;425.8;435.8;1;0.399
SM-023;11066.853;10692.471;3674.097;10;435.8;445.8;1;0.408
SM-023;11068.583;10692.623;3664.249;10;445.8;455.8;1;0.411
SM-023;11070.313;10692.774;3654.401;10;455.8;465.8;1;0.385
SM-023;11072.042;10692.925;3644.553;10;465.8;475.8;1;0.409
SM-023;11073.772;10693.077;3634.705;10;475.8;485.8;1;0.416
SM-023;11075.502;10693.228;3624.857;10;485.8;495.8;1;0.406
SM-023;11076.722;10693.335;3617.914;4.1;495.8;499.9;1;0.39
SM-024;11143.435;10685.823;4104.019;10;0;10;1;0
SM-024;11144.306;10685.868;4094.057;10;10;20;1;0
SM-024;11145.176;10685.914;4084.095;10;20;30;1;0
SM-024;11146.046;10685.96;4074.133;10;30;40;1;0
SM-024;11146.917;10686.005;4064.171;10;40;50;1;0.002
SM-024;11147.787;10686.051;4054.209;10;50;60;1;0.01
SM-024;11148.657;10686.096;4044.247;10;60;70;1;0.027
SM-024;11149.528;10686.142;4034.285;10;70;80;1;0.01
SM-024;11150.398;10686.188;4024.323;10;80;90;1;0.005
SM-024;11151.268;10686.233;4014.362;10;90;100;1;0.015
SM-024;11152.139;10686.279;4004.4;10;100;110;1;0.023
SM-024;11153.009;10686.325;3994.438;10;110;120;1;0.023
SM-024;11153.88;10686.37;3984.476;10;120;130;1;0.038
SM-024;11154.75;10686.416;3974.514;10;130;140;1;0.036
SM-024;11155.62;10686.461;3964.552;10;140;150;1;0.02
SM-024;11156.491;10686.507;3954.59;10;150;160;1;0.035
SM-024;11157.361;10686.553;3944.628;10;160;170;1;0.024
SM-024;11158.231;10686.598;3934.666;10;170;180;1;0.044
SM-024;11159.102;10686.644;3924.704;10;180;190;1;0.047
SM-024;11159.972;10686.689;3914.742;10;190;200;1;0.055
SM-024;11160.842;10686.735;3904.78;10;200;210;1;0.04
SM-024;11161.713;10686.781;3894.818;10;210;220;1;0.056
SM-024;11162.583;10686.826;3884.856;10;220;230;1;0.074
SM-024;11163.454;10686.872;3874.894;10;230;240;1;0.065
SM-024;11164.324;10686.918;3864.932;10;240;250;1;0.059
SM-024;11165.194;10686.963;3854.97;10;250;260;1;0.074
SM-024;11166.065;10687.009;3845.008;10;260;270;1;0.07
SM-024;11166.935;10687.054;3835.046;10;270;280;1;0.077
SM-024;11167.805;10687.1;3825.085;10;280;290;1;0.067
SM-024;11168.676;10687.146;3815.123;10;290;300;1;0.084
SM-024;11169.32;10687.179;3807.751;4.8;300;304.8;1;0.1
SM-025;10381;10533.4;4074;10;0;10;0;0
SM-025;10381;10533.4;4064;10;10;20;0;0
SM-025;10381;10533.4;4054;10;20;30;0;0
SM-025;10381;10533.4;4044;10;30;40;0;0.003
SM-025;10381;10533.4;4034;10;40;50;0;0.003
SM-025;10381;10533.4;4024;10;50;60;0;0.01
SM-025;10381;10533.4;4014;10;60;70;0;0.014
SM-025;10381;10533.4;4007.4;3.2;70;73.2;0;0
SM-025;10381;10533.4;4000.8;10;73.2;83.2;1;0.016
SM-025;10381;10533.4;3990.8;10;83.2;93.2;1;0.01
SM-025;10381;10533.4;3980.8;10;93.2;103.2;1;0.027
SM-025;10381;10533.4;3970.8;10;103.2;113.2;1;0.03
SM-025;10381;10533.4;3960.8;10;113.2;123.2;1;0.03
SM-025;10381;10533.4;3950.8;10;123.2;133.2;1;0.02
SM-025;10381;10533.4;3940.8;10;133.2;143.2;1;0.037
SM-025;10381;10533.4;3930.8;10;143.2;153.2;1;0.029
SM-025;10381;10533.4;3920.8;10;153.2;163.2;1;0.055
SM-025;10381;10533.4;3910.8;10;163.2;173.2;1;0.04
SM-025;10381;10533.4;3900.8;10;173.2;183.2;1;0.059
SM-025;10381;10533.4;3890.8;10;183.2;193.2;1;0.036
SM-025;10381;10533.4;3880.8;10;193.2;203.2;1;0.054
SM-025;10381;10533.4;3870.8;10;203.2;213.2;1;0.042
SM-025;10381;10533.4;3865.7;0.2;213.2;213.4;1;0.05
SM-026;10533.4;10533.4;4064.4;10;0;10;0;0
SM-026;10533.4;10533.4;4054.4;10;10;20;0;0
SM-026;10533.4;10533.4;4044.4;10;20;30;0;0.162
SM-026;10533.4;10533.4;4034.4;10;30;40;0;0.284
SM-026;10533.4;10533.4;4024.4;10;40;50;0;0.275
SM-026;10533.4;10533.4;4014.4;10;50;60;0;0.28
SM-026;10533.4;10533.4;4004.4;10;60;70;0;0.293
SM-026;10533.4;10533.4;3994.4;10;70;80;0;0.274
SM-026;10533.4;10533.4;3984.4;10;80;90;0;0.294
SM-026;10533.4;10533.4;3974.4;10;90;100;0;0.289
SM-026;10533.4;10533.4;3964.4;10;100;110;0;0.305
SM-026;10533.4;10533.4;3954.4;10;110;120;0;0.293
SM-026;10533.4;10533.4;3945.4;8;120;128;0;0.295
SM-026;10533.4;10533.4;3936.4;10;128;138;1;0.312
SM-026;10533.4;10533.4;3926.4;10;138;148;1;0.31
SM-026;10533.4;10533.4;3916.4;10;148;158;1;0.312
SM-026;10533.4;10533.4;3906.4;10;158;168;1;0.298
SM-026;10533.4;10533.4;3896.4;10;168;178;1;0.303
SM-026;10533.4;10533.4;3886.4;10;178;188;1;0.31
SM-026;10533.4;10533.4;3876.4;10;188;198;1;0.317
SM-026;10533.4;10533.4;3866.4;10;198;208;1;0.316
SM-026;10533.4;10533.4;3856.4;10;208;218;1;0.324
SM-026;10533.4;10533.4;3846.4;10;218;228;1;0.346
SM-026;10533.4;10533.4;3836.4;10;228;238;1;0.352
SM-026;10533.4;10533.4;3826.4;10;238;248;1;0.32
SM-026;10533.4;10533.4;3816.4;10;248;258;1;0.328
SM-026;10533.4;10533.4;3806.4;10;258;268;1;0.342
SM-026;10533.4;10533.4;3796.4;10;268;278;1;0.351
SM-026;10533.4;10533.4;3786.4;10;278;288;1;0.356
SM-026;10533.4;10533.4;3776.4;10;288;298;1;0.36
SM-026;10533.4;10533.4;3766.4;10;298;308;1;0.366
SM-026;10533.4;10533.4;3756.4;10;308;318;1;0.354
SM-026;10533.4;10533.4;3746.4;10;318;328;1;0.35
SM-026;10533.4;10533.4;3736.4;10;328;338;1;0.378
SM-026;10533.4;10533.4;3726.4;10;338;348;1;0.384
SM-026;10533.4;10533.4;3716.4;10;348;358;1;0.381
SM-026;10533.4;10533.4;3707.5;7.8;358;365.8;1;0.386
SM-027;10685.8;10533.4;4070;10;0;10;0;0
SM-027;10685.8;10533.4;4060;10;10;20;0;0
SM-027;10685.8;10533.4;4050;10;20;30;0;0.218
SM-027;10685.8;10533.4;4040;10;30;40;0;0.378
SM-027;10685.8;10533.4;4030;10;40;50;0;0.392
SM-027;10685.8;10533.4;4020;10;50;60;0;0.365
SM-027;10685.8;10533.4;4010;10;60;70;0;0.394
SM-027;10685.8;10533.4;4000;10;70;80;0;0.372
SM-027;10685.8;10533.4;3990;10;80;90;0;0.385
SM-027;10685.8;10533.4;3980;10;90;100;0;0.404
SM-027;10685.8;10533.4;3970;10;100;110;0;0.404
SM-027;10685.8;10533.4;3960;10;110;120;0;0.384
SM-027;10685.8;10533.4;3950;10;120;130;0;0.396
SM-027;10685.8;10533.4;3940;10;130;140;0;0.414
SM-027;10685.8;10533.4;3930;10;140;150;0;0.412
SM-027;10685.8;10533.4;3920.75;8.5;150;158.5;0;0.437
SM-027;10685.8;10533.4;3911.5;10;158.5;168.5;1;0.414
SM-027;10685.8;10533.4;3901.5;10;168.5;178.5;1;0.432
SM-027;10685.8;10533.4;3891.5;10;178.5;188.5;1;0.431
SM-027;10685.8;10533.4;3881.5;10;188.5;198.5;1;0.437
SM-027;10685.8;10533.4;3871.5;10;198.5;208.5;1;0.448
SM-027;10685.8;10533.4;3861.5;10;208.5;218.5;1;0.44
SM-027;10685.8;10533.4;3851.5;10;218.5;228.5;1;0.456
SM-027;10685.8;10533.4;3841.5;10;228.5;238.5;1;0.442
SM-027;10685.8;10533.4;3831.5;10;238.5;248.5;1;0.439
SM-027;10685.8;10533.4;3821.5;10;248.5;258.5;1;0.453
SM-027;10685.8;10533.4;3811.5;10;258.5;268.5;1;0.46
SM-027;10685.8;10533.4;3801.5;10;268.5;278.5;1;0.462
SM-027;10685.8;10533.4;3791.5;10;278.5;288.5;1;0.472
SM-027;10685.8;10533.4;3781.5;10;288.5;298.5;1;0.452
SM-027;10685.8;10533.4;3771.5;10;298.5;308.5;1;0.482
SM-027;10685.8;10533.4;3761.5;10;308.5;318.5;1;0.485
SM-027;10685.8;10533.4;3751.5;10;318.5;328.5;1;0.49
SM-027;10685.8;10533.4;3741.5;10;328.5;338.5;1;0.481
SM-027;10685.8;10533.4;3731.5;10;338.5;348.5;1;0.485
SM-027;10685.8;10533.4;3721.5;10;348.5;358.5;1;0.465
SM-027;10685.8;10533.4;3711.5;10;358.5;368.5;1;0.481
SM-027;10685.8;10533.4;3701.5;10;368.5;378.5;1;0.489
SM-027;10685.8;10533.4;3691.5;10;378.5;388.5;1;0.49
SM-027;10685.8;10533.4;3681.5;10;388.5;398.5;1;0.498
SM-027;10685.8;10533.4;3671.5;10;398.5;408.5;1;0.488
SM-027;10685.8;10533.4;3661.5;10;408.5;418.5;1;0.508
SM-027;10685.8;10533.4;3651.5;10;418.5;428.5;1;0.512
SM-027;10685.8;10533.4;3641.5;10;428.5;438.5;1;0.51
SM-027;10685.8;10533.4;3631.5;10;438.5;448.5;1;0.498
SM-027;10685.8;10533.4;3625.2;2.6;448.5;451.1;1;0.51
SM-028;10838.2;10533.4;4079.1;10;0;10;0;0
SM-028;10838.2;10533.4;4069.1;10;10;20;0;0
SM-028;10838.2;10533.4;4059.1;10;20;30;0;0.207
SM-028;10838.2;10533.4;4049.1;10;30;40;0;0.365
SM-028;10838.2;10533.4;4039.1;10;40;50;0;0.395
SM-028;10838.2;10533.4;4029.1;10;50;60;0;0.385
SM-028;10838.2;10533.4;4019.1;10;60;70;0;0.387
SM-028;10838.2;10533.4;4009.1;10;70;80;0;0.388
SM-028;10838.2;10533.4;3999.1;10;80;90;0;0.4
SM-028;10838.2;10533.4;3989.1;10;90;100;0;0.399
SM-028;10838.2;10533.4;3979.1;10;100;110;0;0.419
SM-028;10838.2;10533.4;3969.1;10;110;120;0;0.386
SM-028;10838.2;10533.4;3959.1;10;120;130;0;0.4
SM-028;10838.2;10533.4;3949.1;10;130;140;0;0.426
SM-028;10838.2;10533.4;3939.1;10;140;150;0;0.409
SM-028;10838.2;10533.4;3929.1;10;150;160;0;0.402
SM-028;10838.2;10533.4;3919.1;10;160;170;0;0.43
SM-028;10838.2;10533.4;3910.7;6.8;170;176.8;0;0.412
SM-028;10838.2;10533.4;3902.3;10;176.8;186.8;1;0.43
SM-028;10838.2;10533.4;3892.3;10;186.8;196.8;1;0.439
SM-028;10838.2;10533.4;3882.3;10;196.8;206.8;1;0.433
SM-028;10838.2;10533.4;3872.3;10;206.8;216.8;1;0.42
SM-028;10838.2;10533.4;3862.3;10;216.8;226.8;1;0.441
SM-028;10838.2;10533.4;3852.3;10;226.8;236.8;1;0.445
SM-028;10838.2;10533.4;3842.3;10;236.8;246.8;1;0.429
SM-028;10838.2;10533.4;3832.3;10;246.8;256.8;1;0.429
SM-028;10838.2;10533.4;3822.3;10;256.8;266.8;1;0.441
SM-028;10838.2;10533.4;3812.3;10;266.8;276.8;1;0.449
SM-028;10838.2;10533.4;3802.3;10;276.8;286.8;1;0.473
SM-028;10838.2;10533.4;3792.3;10;286.8;296.8;1;0.464
SM-028;10838.2;10533.4;3782.3;10;296.8;306.8;1;0.46
SM-028;10838.2;10533.4;3772.3;10;306.8;316.8;1;0.468
SM-028;10838.2;10533.4;3762.3;10;316.8;326.8;1;0.477
SM-028;10838.2;10533.4;3752.3;10;326.8;336.8;1;0.481
SM-028;10838.2;10533.4;3742.3;10;336.8;346.8;1;0.47
SM-028;10838.2;10533.4;3732.3;10;346.8;356.8;1;0.501
SM-028;10838.2;10533.4;3722.3;10;356.8;366.8;1;0.477
SM-028;10838.2;10533.4;3712.3;10;366.8;376.8;1;0.495
SM-028;10838.2;10533.4;3702.3;10;376.8;386.8;1;0.475
SM-028;10838.2;10533.4;3692.3;10;386.8;396.8;1;0.483
SM-028;10838.2;10533.4;3682.3;10;396.8;406.8;1;0.48
SM-028;10838.2;10533.4;3672.3;10;406.8;416.8;1;0.488
SM-028;10838.2;10533.4;3662.3;10;416.8;426.8;1;0.49
SM-028;10838.2;10533.4;3652.3;10;426.8;436.8;1;0.526
SM-028;10838.2;10533.4;3642.3;10;436.8;446.8;1;0.508
SM-028;10838.2;10533.4;3632.3;10;446.8;456.8;1;0.503
SM-028;10838.2;10533.4;3624.05;6.5;456.8;463.3;1;0.518
SM-029;10990.6;10533.4;4088.1;10;0;10;0;0
SM-029;10990.6;10533.4;4078.1;10;10;20;0;0
SM-029;10990.6;10533.4;4068.1;10;20;30;0;0.157
SM-029;10990.6;10533.4;4058.1;10;30;40;0;0.277
SM-029;10990.6;10533.4;4048.1;10;40;50;0;0.262
SM-029;10990.6;10533.4;4038.1;10;50;60;0;0.26
SM-029;10990.6;10533.4;4028.1;10;60;70;0;0.251
SM-029;10990.6;10533.4;4018.1;10;70;80;0;0.264
SM-029;10990.6;10533.4;4008.1;10;80;90;0;0.279
SM-029;10990.6;10533.4;3998.1;10;90;100;0;0.281
SM-029;10990.6;10533.4;3988.1;10;100;110;0;0.293
SM-029;10990.6;10533.4;3978.1;10;110;120;0;0.3
SM-029;10990.6;10533.4;3968.1;10;120;130;0;0.286
SM-029;10990.6;10533.4;3961.05;4.1;130;134.1;0;0.29
SM-029;10990.6;10533.4;3954;10;134.1;144.1;1;0.3
SM-029;10990.6;10533.4;3944;10;144.1;154.1;1;0.297
SM-029;10990.6;10533.4;3934;10;154.1;164.1;1;0.298
SM-029;10990.6;10533.4;3924;10;164.1;174.1;1;0.287
SM-029;10990.6;10533.4;3914;10;174.1;184.1;1;0.311
SM-029;10990.6;10533.4;3904;10;184.1;194.1;1;0.3
SM-029;10990.6;10533.4;3894;10;194.1;204.1;1;0.307
SM-029;10990.6;10533.4;3884;10;204.1;214.1;1;0.313
SM-029;10990.6;10533.4;3874;10;214.1;224.1;1;0.319
SM-029;10990.6;10533.4;3864;10;224.1;234.1;1;0.325
SM-029;10990.6;10533.4;3854;10;234.1;244.1;1;0.31
SM-029;10990.6;10533.4;3844;10;244.1;254.1;1;0.328
SM-029;10990.6;10533.4;3834;10;254.1;264.1;1;0.338
SM-029;10990.6;10533.4;3824;10;264.1;274.1;1;0.324
SM-029;10990.6;10533.4;3814;10;274.1;284.1;1;0.33
SM-029;10990.6;10533.4;3804;10;284.1;294.1;1;0.351
SM-029;10990.6;10533.4;3794;10;294.1;304.1;1;0.361
SM-029;10990.6;10533.4;3784;10;304.1;314.1;1;0.354
SM-029;10990.6;10533.4;3774;10;314.1;324.1;1;0.354
SM-029;10990.6;10533.4;3764;10;324.1;334.1;1;0.365
SM-029;10990.6;10533.4;3754;10;334.1;344.1;1;0.352
SM-029;10990.6;10533.4;3744;10;344.1;354.1;1;0.35
SM-029;10990.6;10533.4;3734;10;354.1;364.1;1;0.354
SM-029;10990.6;10533.4;3724;10;364.1;374.1;1;0.367
SM-029;10990.6;10533.4;3714;10;374.1;384.1;1;0.384
SM-029;10990.6;10533.4;3704;10;384.1;394.1;1;0.396
SM-029;10990.6;10533.4;3694;10;394.1;404.1;1;0.386
SM-029;10990.6;10533.4;3684;10;404.1;414.1;1;0.387
SM-029;10990.6;10533.4;3678.8;0.4;414.1;414.5;1;0.4
SM-030;11143;10533.4;4094;10;0;10;0;0
SM-030;11143;10533.4;4084;10;10;20;0;0
SM-030;11143;10533.4;4074;10;20;30;0;0
SM-030;11143;10533.4;4064;10;30;40;0;0
SM-030;11143;10533.4;4054.6;8.8;40;48.8;0;0
SM-030;11143;10533.4;4045.2;10;48.8;58.8;1;0.01
SM-030;11143;10533.4;4035.2;10;58.8;68.8;1;0.002
SM-030;11143;10533.4;4025.2;10;68.8;78.8;1;0.006
SM-030;11143;10533.4;4015.2;10;78.8;88.8;1;0.007
SM-030;11143;10533.4;4005.2;10;88.8;98.8;1;0.007
SM-030;11143;10533.4;3995.2;10;98.8;108.8;1;0.02
SM-030;11143;10533.4;3985.2;10;108.8;118.8;1;0.012
SM-030;11143;10533.4;3975.2;10;118.8;128.8;1;0.018
SM-030;11143;10533.4;3965.2;10;128.8;138.8;1;0.026
SM-030;11143;10533.4;3955.2;10;138.8;148.8;1;0.009
SM-030;11143;10533.4;3945.2;10;148.8;158.8;1;0.024
SM-030;11143;10533.4;3935.2;10;158.8;168.8;1;0.042
SM-030;11143;10533.4;3925.2;10;168.8;178.8;1;0.018
SM-030;11143;10533.4;3915.2;10;178.8;188.8;1;0.048
SM-030;11143;10533.4;3905.2;10;188.8;198.8;1;0.015
SM-030;11143;10533.4;3895.2;10;198.8;208.8;1;0.041
SM-030;11143;10533.4;3885.2;10;208.8;218.8;1;0.056
SM-030;11143;10533.4;3875.2;10;218.8;228.8;1;0.061
SM-030;11143;10533.4;3865.2;10;228.8;238.8;1;0.063
SM-030;11143;10533.4;3857.7;5;238.8;243.8;1;0.03
SM-031;10381;10381;4087.1;10;0;10;1;0
SM-031;10381;10381;4077.1;10;10;20;1;0
SM-031;10381;10381;4067.1;10;20;30;1;0
SM-031;10381;10381;4057.1;10;30;40;1;0
SM-031;10381;10381;4047.1;10;40;50;1;0
SM-031;10381;10381;4037.1;10;50;60;1;0
SM-031;10381;10381;4027.1;10;60;70;1;0
SM-031;10381;10381;4017.1;10;70;80;1;0
SM-031;10381;10381;4007.1;10;80;90;1;0
SM-031;10381;10381;3997.1;10;90;100;1;0
SM-031;10381;10381;3987.1;10;100;110;1;0.012
SM-031;10381;10381;3977.1;10;110;120;1;0.008
SM-031;10381;10381;3967.1;10;120;130;1;0.004
SM-031;10381;10381;3957.1;10;130;140;1;0.006
SM-031;10381;10381;3947.1;10;140;150;1;0.012
SM-031;10381;10381;3937.1;10;150;160;1;0.002
SM-031;10381;10381;3927.1;10;160;170;1;0.021
SM-031;10381;10381;3917.1;10;170;180;1;0.018
SM-031;10381;10381;3907.1;10;180;190;1;0.013
SM-031;10381;10381;3897.1;10;190;200;1;0.025
SM-031;10381;10381;3887.1;10;200;210;1;0.03
SM-031;10381;10381;3880.4;3.4;210;213.4;1;0.04
SM-032;10533.4;10381;4077.8;10;0;10;1;0
SM-032;10533.4;10381;4067.8;10;10;20;1;0
SM-032;10533.4;10381;4057.8;10;20;30;1;0.006
SM-032;10533.4;10381;4047.8;10;30;40;1;0.004
SM-032;10533.4;10381;4037.8;10;40;50;1;0.004
SM-032;10533.4;10381;4027.8;10;50;60;1;0.01
SM-032;10533.4;10381;4017.8;10;60;70;1;0.013
SM-032;10533.4;10381;4007.8;10;70;80;1;0.012
SM-032;10533.4;10381;3997.8;10;80;90;1;0
SM-032;10533.4;10381;3987.8;10;90;100;1;0.012
SM-032;10533.4;10381;3977.8;10;100;110;1;0.001
SM-032;10533.4;10381;3967.8;10;110;120;1;0.016
SM-032;10533.4;10381;3957.8;10;120;130;1;0.032
SM-032;10533.4;10381;3947.8;10;130;140;1;0.018
SM-032;10533.4;10381;3937.8;10;140;150;1;0.016
SM-032;10533.4;10381;3927.8;10;150;160;1;0.011
SM-032;10533.4;10381;3917.8;10;160;170;1;0.031
SM-032;10533.4;10381;3907.8;10;170;180;1;0.037
SM-032;10533.4;10381;3897.8;10;180;190;1;0.038
SM-032;10533.4;10381;3887.8;10;190;200;1;0.055
SM-032;10533.4;10381;3877.8;10;200;210;1;0.057
SM-032;10533.4;10381;3867.8;10;210;220;1;0.058
SM-032;10533.4;10381;3857.8;10;220;230;1;0.057
SM-032;10533.4;10381;3847.8;10;230;240;1;0.057
SM-032;10533.4;10381;3840.9;3.8;240;243.8;1;0.06
SM-033;10685.8;10381;4068.1;10;0;10;1;0
SM-033;10685.8;10381;4058.1;10;10;20;1;0
SM-033;10685.8;10381;4048.1;10;20;30;1;0.006
SM-033;10685.8;10381;4038.1;10;30;40;1;0.013
SM-033;10685.8;10381;4028.1;10;40;50;1;0.015
SM-033;10685.8;10381;4018.1;10;50;60;1;0.01
SM-033;10685.8;10381;4008.1;10;60;70;1;0.024
SM-033;10685.8;10381;3998.1;10;70;80;1;0.038
SM-033;10685.8;10381;3988.1;10;80;90;1;0.015
SM-033;10685.8;10381;3978.1;10;90;100;1;0.038
SM-033;10685.8;10381;3968.1;10;100;110;1;0.037
SM-033;10685.8;10381;3958.1;10;110;120;1;0.048
SM-033;10685.8;10381;3948.1;10;120;130;1;0.032
SM-033;10685.8;10381;3938.1;10;130;140;1;0.04
SM-033;10685.8;10381;3928.1;10;140;150;1;0.05
SM-033;10685.8;10381;3918.1;10;150;160;1;0.062
SM-033;10685.8;10381;3908.1;10;160;170;1;0.066
SM-033;10685.8;10381;3898.1;10;170;180;1;0.061
SM-033;10685.8;10381;3888.1;10;180;190;1;0.059
SM-033;10685.8;10381;3878.1;10;190;200;1;0.05
SM-033;10685.8;10381;3868.1;10;200;210;1;0.062
SM-033;10685.8;10381;3858.1;10;210;220;1;0.064
SM-033;10685.8;10381;3848.1;10;220;230;1;0.074
SM-033;10685.8;10381;3842.3;1.6;230;231.6;1;0.08
SM-034;10838.2;10381;4066.6;10;0;10;1;0
SM-034;10838.2;10381;4056.6;10;10;20;1;0
SM-034;10838.2;10381;4046.6;10;20;30;1;0.006
SM-034;10838.2;10381;4036.6;10;30;40;1;0.004
SM-034;10838.2;10381;4026.6;10;40;50;1;0.01
SM-034;10838.2;10381;4016.6;10;50;60;1;0.025
SM-034;10838.2;10381;4006.6;10;60;70;1;0.016
SM-034;10838.2;10381;3996.6;10;70;80;1;0.026
SM-034;10838.2;10381;3986.6;10;80;90;1;0.029
SM-034;10838.2;10381;3976.6;10;90;100;1;0.022
SM-034;10838.2;10381;3966.6;10;100;110;1;0.047
SM-034;10838.2;10381;3956.6;10;110;120;1;0.052
SM-034;10838.2;10381;3946.6;10;120;130;1;0.052
SM-034;10838.2;10381;3936.6;10;130;140;1;0.058
SM-034;10838.2;10381;3926.6;10;140;150;1;0.064
SM-034;10838.2;10381;3916.6;10;150;160;1;0.069
SM-034;10838.2;10381;3906.6;10;160;170;1;0.071
SM-034;10838.2;10381;3896.6;10;170;180;1;0.059
SM-034;10838.2;10381;3886.6;10;180;190;1;0.06
SM-034;10838.2;10381;3876.6;10;190;200;1;0.075
SM-034;10838.2;10381;3866.6;10;200;210;1;0.069
SM-034;10838.2;10381;3856.6;10;210;220;1;0.07
SM-034;10838.2;10381;3846.6;10;220;230;1;0.079
SM-034;10838.2;10381;3836.6;10;230;240;1;0.098
SM-034;10838.2;10381;3826.6;10;240;250;1;0.081
SM-034;10838.2;10381;3816.6;10;250;260;1;0.068
SM-034;10838.2;10381;3806.6;10;260;270;1;0.072
SM-034;10838.2;10381;3799.45;4.3;270;274.3;1;0.07
SM-035;10990.6;10381;4074.9;10;0;10;1;0
SM-035;10990.6;10381;4064.9;10;10;20;1;0
SM-035;10990.6;10381;4054.9;10;20;30;1;0
SM-035;10990.6;10381;4044.9;10;30;40;1;0
SM-035;10990.6;10381;4034.9;10;40;50;1;0
SM-035;10990.6;10381;4024.9;10;50;60;1;0.01
SM-035;10990.6;10381;4014.9;10;60;70;1;0.011
SM-035;10990.6;10381;4004.9;10;70;80;1;0.018
SM-035;10990.6;10381;3994.9;10;80;90;1;0.03
SM-035;10990.6;10381;3984.9;10;90;100;1;0.03
SM-035;10990.6;10381;3974.9;10;100;110;1;0.011
SM-035;10990.6;10381;3964.9;10;110;120;1;0.008
SM-035;10990.6;10381;3954.9;10;120;130;1;0.012
SM-035;10990.6;10381;3944.9;10;130;140;1;0.034
SM-035;10990.6;10381;3934.9;10;140;150;1;0.025
SM-035;10990.6;10381;3924.9;10;150;160;1;0.052
SM-035;10990.6;10381;3914.9;10;160;170;1;0.02
SM-035;10990.6;10381;3904.9;10;170;180;1;0.026
SM-035;10990.6;10381;3894.9;10;180;190;1;0.037
SM-035;10990.6;10381;3884.9;10;190;200;1;0.055
SM-035;10990.6;10381;3874.9;10;200;210;1;0.066
SM-035;10990.6;10381;3864.9;10;210;220;1;0.052
SM-035;10990.6;10381;3854.9;10;220;230;1;0.057
SM-035;10990.6;10381;3844.9;10;230;240;1;0.048
SM-035;10990.6;10381;3834.9;10;240;250;1;0.05
SM-035;10990.6;10381;3826.9;6;250;256;1;0.08
